decodeur,bleu
Greedy,0.16187766123416347
Beam search,0.16678171362441277
