experience,clip_value,perplexite_test,norme_gradient_moyenne
avec_clipping,1.0,13.156525404103052,0.5648639502127966
sans_clipping,inf,12.881397406674619,0.5696343519290287
