modele,loss_test,perplexite_test,temps_entrainement_s
GRU,2.552105320039294,12.834095237757957,17.21
LSTM,2.588885153431868,13.314919233664881,14.62
RNN,2.627322079531196,13.836666751545735,12.81
