modele,initialisation,accuracy,precision,recall,f1_score,best_epoch,best_val_loss,parametres_entrainables
mlp_sequential,gaussian,0.9418604651162791,0.9451631815516904,0.9418604651162791,0.9423315317102197,27,0.007801482876286257,4130
mlp_sequential,constant,0.9418604651162791,0.9451631815516904,0.9418604651162791,0.9423315317102197,30,0.2554729331371396,4130
mlp_sequential,xavier,0.9418604651162791,0.9451631815516904,0.9418604651162791,0.9423315317102197,29,0.008857630648065445,4130
mlp_custom,gaussian,0.9418604651162791,0.9451631815516904,0.9418604651162791,0.9423315317102197,30,0.011203681400348975,4130
mlp_custom,constant,0.9418604651162791,0.9451631815516904,0.9418604651162791,0.9423315317102197,30,0.259296320205511,4130
mlp_custom,xavier,0.9418604651162791,0.9451631815516904,0.9418604651162791,0.9423315317102197,30,0.009199303672324086,4130
