{
  "best_model_name": "lenet_more_filters",
  "best_metrics": {
    "modele": "lenet_more_filters",
    "accuracy": 0.8766666666666667,
    "precision": 0.8785385083032182,
    "recall": 0.8766666666666667,
    "f1_score": 0.8756066995854068,
    "best_epoch": 6,
    "best_val_loss": 0.31683387541770935
  }
}