modele,accuracy,precision,recall,f1_score,best_epoch,best_val_loss
lenet_more_filters,0.8596666666666667,0.8597820768535567,0.8596666666666667,0.8582937057804912,4,0.34463819563388826
lenet_default,0.8536666666666667,0.856570048890914,0.8536666666666667,0.851507157146708,5,0.3679357740879059
lenet_padding_zero,0.8516666666666667,0.8499770653472671,0.8516666666666667,0.8480892894070019,6,0.39809543788433077
mlp_image_baseline,0.8476666666666667,0.85227593895145,0.8476666666666667,0.8465795366814256,6,0.38031035029888155
lenet_avg_pool,0.8446666666666667,0.8468322707302061,0.8446666666666667,0.8446659358987185,6,0.3989565101861954
improved_without_1x1,0.8486666666666667,0.8474277536787979,0.8486666666666667,0.8420254358997685,6,0.3852763684988022
lenet_stride_two,0.838,0.8439312134738316,0.838,0.8385371547491,6,0.4289808814525604
improved_with_1x1,0.8333333333333334,0.8337659040997727,0.8333333333333334,0.8265172152610427,6,0.40689468932151795
